<?xml version="1.0" encoding="UTF-8"?>
<odoo  noupdate="1">
    <record model="sale.order" id="sale.sale_order_1">
        <field name="type_id" ref="normal_sale_type" />
    </record>
    <record model="sale.order" id="sale.sale_order_2">
        <field name="type_id" ref="normal_sale_type" />
    </record>
    <record model="sale.order" id="sale.sale_order_3">
        <field name="type_id" ref="normal_sale_type" />
    </record>
    <record model="sale.order" id="sale.sale_order_4">
        <field name="type_id" ref="normal_sale_type" />
    </record>
    <record model="sale.order" id="sale.sale_order_5">
        <field name="type_id" ref="normal_sale_type" />
    </record>
    <record model="sale.order" id="sale.sale_order_6">
        <field name="type_id" ref="normal_sale_type" />
    </record>
    <record model="sale.order" id="sale.sale_order_7">
        <field name="type_id" ref="normal_sale_type" />
    </record>
    <record model="sale.order" id="sale.sale_order_8">
        <field name="type_id" ref="normal_sale_type" />
    </record>
</odoo>
